distancia,qber_mean,qber_std,absorption_mean,absorption_std,skr_mean,skr_std,qber_seed_42,absorption_seed_42,skr_seed_42,qber_seed_123,absorption_seed_123,skr_seed_123,qber_seed_256,absorption_seed_256,skr_seed_256,qber_seed_789,absorption_seed_789,skr_seed_789,qber_seed_1024,absorption_seed_1024,skr_seed_1024,qber_seed_2048,absorption_seed_2048,skr_seed_2048,qber_seed_4096,absorption_seed_4096,skr_seed_4096,qber_seed_8192,absorption_seed_8192,skr_seed_8192
0,0.0,0.0,0.15247500000000003,0.0007099823941479101,0.1524693249948489,0.0007063018733298217,0.0,0.15342,0.1534134531730512,0.0,0.1532,0.15319977210684083,0.0,0.15126,0.15125679335945708,0.0,0.15307,0.15303690457936237,0.0,0.15185,0.15184994252021233,0.0,0.15271,0.15270997685414858,0.0,0.1519,0.1518987159134266,0.0,0.15239,0.15238904145229226
5,0.0,0.0,0.135085,0.0005943483826847725,0.13508207904134223,0.0005933484310691663,0.0,0.13531,0.1353034315109851,0.0,0.13578,0.1357798639969009,0.0,0.1341,0.13409895858963058,0.0,0.13554,0.1355307267538116,0.0,0.13472,0.13471974084593596,0.0,0.13486,0.13485969190538996,0.0,0.13451,0.13450682039044856,0.0,0.13586,0.135857398337635
10,0.0,0.0,0.11759625,0.000627991590309934,0.11759298946000202,0.0006279426934805521,0.0,0.11756,0.11754994658786949,0.0,0.11787,0.11786876072598851,0.0,0.11638,0.11637975207153273,0.0,0.11834,0.11833980250406734,0.0,0.11701,0.11700982183616207,0.0,0.1178,0.11779285745725727,0.0,0.11742,0.11741335530847022,0.0,0.11839,0.11838961918866853
15,0.0,0.0,0.10070625,0.0007584843027380333,0.10070437585307662,0.0007585409789994328,0.0,0.10047,0.10046696654271449,0.0,0.10141,0.10140902620358298,0.0,0.09949,0.09948796333825627,0.0,0.10171,0.10170999361702115,0.0,0.10053,0.100529913177094,0.0,0.10069,0.10068406737497532,0.0,0.0998,0.09979989591776756,0.0,0.10155,0.10154718065320124
20,0.0,0.0,0.08448375,0.0006979601976474021,0.08448119982985901,0.0006977185690163394,0.0,0.08484,0.08482775606945599,0.0,0.08525,0.08524947115208625,0.0,0.08393,0.08392349460602497,0.0,0.08467,0.08466989691381299,0.0,0.08422,0.08421987666340765,0.0,0.08434,0.08433996920973094,0.0,0.08315,0.08314974928493248,0.0,0.08547,0.08546938473942081
25,0.0,0.0,0.0697825,0.0005662320637335886,0.06977793113242395,0.0005628694271987182,0.0,0.07082,0.07080278528972589,0.0,0.06996,0.06995958756517838,0.0,0.06983,0.06981987517699532,0.0,0.06975,0.06974842698882351,0.0,0.06917,0.06916999061424334,0.0,0.06971,0.06970858337484971,0.0,0.06883,0.06882610029164454,0.0,0.07019,0.07018809975793089
30,0.0,0.0,0.057027499999999995,0.000653007465500969,0.05702241516041919,0.0006494339153182887,0.0,0.05819,0.05817000423098153,0.0,0.0567,0.05669303313726999,0.0,0.05679,0.05678082245035257,0.0,0.05735,0.05734996855503,0.0,0.05607,0.0560690621288127,0.0,0.05729,0.05728808486986758,0.0,0.05629,0.05628962965047021,0.0,0.05754,0.05753871626056898
35,0.0,0.0,0.04645874999999999,0.0006237875740185923,0.04645507572473291,0.0006217398022784569,0.0,0.04772,0.04770881941514785,0.0,0.04572,0.045715052050764274,0.0,0.0465,0.04649239841642633,0.0,0.04682,0.04681990139627558,0.0,0.04616,0.046157743419443335,0.0,0.04664,0.046639975253941375,0.0,0.04561,0.04560999841844437,0.0,0.0465,0.04649671742742018
40,0.0,0.0,0.037524999999999996,0.0005847862857489048,0.03752014889010595,0.0005857161410802507,0.0,0.0385,0.03849325465921623,0.0,0.03703,0.03702998246792225,0.0,0.03753,0.037525754067875075,0.0,0.03829,0.038289772047087924,0.0,0.03704,0.03703151631723751,0.0,0.03766,0.03765662112744385,0.0,0.03669,0.03668169296070588,0.0,0.03746,0.03745259747335884
45,0.0,0.0,0.03016625,0.0005788120917016163,0.030160823830129427,0.0005803101095426792,0.0,0.03125,0.031248778891892762,0.0,0.03005,0.03004634875081023,0.0,0.02986,0.029851302659569878,0.0,0.03063,0.030628019385150435,0.0,0.0294,0.029389949412096102,0.0,0.0305,0.030494995314017302,0.0,0.02947,0.02946993880659429,0.0,0.03017,0.030157257420904436
50,0.0,0.0,0.02411875,0.00041702630312727304,0.024111380390654635,0.000416493331200362,0.0,0.02469,0.02468116137402241,0.0,0.02404,0.024039699937770068,0.0,0.02406,0.02404847395332384,0.0,0.02467,0.02466976315655143,0.0,0.02385,0.023846706194897496,0.0,0.02432,0.024300052384216963,0.0,0.02333,0.023324282695707965,0.0,0.02399,0.023980903428746907
55,0.0,0.0,0.0192125,0.00046587954451767893,0.019203284748806775,0.0004612491464234073,0.0,0.01997,0.019956557077199125,0.0,0.01922,0.019219264384160828,0.0,0.01893,0.018923593872140296,0.0,0.01978,0.019777534656385452,0.0,0.01895,0.018946341710347304,0.0,0.0195,0.01945841509194941,0.0,0.01855,0.018547165062470186,0.0,0.0188,0.018797406135801577
60,0.0,0.0,0.015426249999999999,0.00033331432237454213,0.015418738358805596,0.00032715427170094486,0.0,0.016,0.015988727109794477,0.0,0.01526,0.015259981091802705,0.0,0.01496,0.014953036511628172,0.0,0.01561,0.01560866448715939,0.0,0.01535,0.015349957705981647,0.0,0.01582,0.015784671304956158,0.0,0.0151,0.0151,0.0,0.01531,0.015304868659122214
65,0.0,0.0,0.012338749999999999,0.00024497129933933064,0.01233014801126519,0.00024739021744730084,0.0,0.01261,0.012596261764310248,0.0,0.01237,0.012369714258551745,0.0,0.01192,0.011895200833340351,0.0,0.01249,0.012485142451685577,0.0,0.01242,0.012419628288562414,0.0,0.01266,0.012647940699921655,0.0,0.01209,0.012088275630242932,0.0,0.01215,0.012139020163506587
70,0.0,0.0,0.00988375,0.0002224262518229358,0.009874989808192531,0.0002209386620368212,0.0,0.01,0.009995844639313987,0.0,0.00968,0.009679880768665564,0.0,0.00971,0.009693583115552882,0.0,0.01019,0.01017923024933385,0.0,0.01012,0.010119885952664238,0.0,0.01008,0.010055913156285777,0.0,0.00958,0.009578072301135393,0.0,0.00971,0.009697508282588566
75,0.0,0.0,0.007869999999999999,0.00018520259177452132,0.007861733763567202,0.00018514496881173522,0.0,0.00795,0.00794977315966162,0.0,0.00754,0.007535368942240077,0.0,0.00785,0.007839990076625397,0.0,0.00813,0.008119127627725722,0.0,0.00801,0.008009918949527316,0.0,0.00802,0.007999264609289073,0.0,0.0078,0.0077986682289624696,0.0,0.00766,0.0076417585145059355
80,0.0,0.0,0.00623375,0.0002533247668507759,0.006224922258156896,0.00025260902696177975,0.0,0.00623,0.0062298957920903,0.0,0.00593,0.00592794405569145,0.0,0.00639,0.006380502947014702,0.0,0.00669,0.0066852441476991055,0.0,0.00638,0.006379819096615352,0.0,0.00634,0.006304272925410796,0.0,0.00594,0.005938251159770402,0.0,0.00597,0.005953447940963058
85,0.0,0.0,0.00499375,0.0002366927069007409,0.004983548675150938,0.00023402954199203737,0.0,0.00504,0.00503977099838306,0.0,0.00458,0.004579432985729712,0.0,0.0051,0.005072583010979452,0.0,0.0054,0.005398664094897438,0.0,0.00504,0.005039083964680129,0.0,0.00513,0.005101489126235589,0.0,0.00472,0.004718471607002591,0.0,0.00494,0.004918893613299532
90,0.0,0.0,0.00397375,0.0002252741385512326,0.0039626808067258,0.0002252169955540149,0.0,0.00405,0.004049839699085051,0.0,0.00354,0.003531844838872263,0.0,0.00431,0.004289475069871912,0.0,0.00423,0.004223841747283698,0.0,0.00395,0.003949835640756969,0.0,0.00401,0.003998749757849237,0.0,0.00383,0.0038162585176662336,0.0,0.00387,0.0038416011824210453
95,0.0,0.0,0.0032075000000000003,0.0001901150967177515,0.00319681972348578,0.00019131879926224355,0.0,0.00321,0.0032097977500873767,0.0,0.00285,0.0028469366760117292,0.0,0.00354,0.003521638641236099,0.0,0.00329,0.0032873465252527263,0.0,0.00322,0.0032196415572302854,0.0,0.00333,0.0033221757377858057,0.0,0.00318,0.0031690122252393117,0.0,0.00304,0.0029980086750429065
100,0.0,0.0,0.00256375,0.00019652846485941928,0.002551153232561611,0.00020161841036796547,0.0,0.00244,0.002438107601796575,0.0,0.00228,0.0022794937652431107,0.0,0.00281,0.0028025766267790234,0.0,0.0025,0.002498961159828497,0.0,0.00259,0.002583729959625531,0.0,0.00292,0.0029136726889056287,0.0,0.00255,0.0025418186615531733,0.0,0.00242,0.0023508653967613496
